プレイヤー名,平均順位,和了率,放銃率,和了率-放銃率,副露率,副露成功率,リーチ率,ダマ和了率,平均打点,平均放銃点,流局聴牌率,総ゲーム数,総局数,和了回数,放銃回数
傍若無人51,1.700,29.65,8.72,20.93,32.56,41.07,20.93,54.90,6229,4227,66.67,20,172,51,15
ざざむしFT,1.727,26.96,10.43,16.52,35.22,37.04,11.74,70.97,5597,4783,51.35,22,230,62,24
魚谷侑美,1.905,28.57,11.06,17.51,33.64,36.99,18.43,61.29,6221,5308,50.00,21,217,62,24
たけぴー@UNP,1.909,28.99,11.34,17.65,39.92,36.84,19.33,59.42,5877,4344,47.50,22,238,69,27
いぶりがっこ95,1.971,22.79,6.70,16.09,29.49,32.73,16.09,52.94,7002,5636,31.67,35,373,85,25
遅刻のプリンス♪,2.000,26.06,11.97,14.08,38.38,37.61,19.72,62.16,5318,3982,44.44,29,284,74,34
ACs,2.000,24.65,10.23,14.42,36.74,30.38,20.47,56.60,5770,4345,42.86,21,215,53,22
ハチュナ,2.040,27.38,10.32,17.06,33.73,37.65,21.03,55.07,7281,5962,36.59,25,252,69,26
シルバーブレット,2.048,27.12,8.47,18.64,33.47,45.57,26.27,56.25,5114,4940,53.06,21,236,64,20
ぷりん聖人,2.050,28.95,13.16,15.79,33.33,28.95,16.67,54.55,4967,4760,61.54,20,114,33,15
ケルヴィン,2.050,20.83,12.50,8.33,31.94,27.54,21.76,46.67,6893,3841,45.95,20,216,45,27
グンダリー,2.080,25.27,7.33,17.95,33.33,24.18,16.85,57.97,6061,5010,30.19,25,273,69,20
take-you,2.081,24.09,7.45,16.64,31.70,33.50,18.38,52.63,5666,4974,37.11,62,631,152,47
ハマー,2.087,21.72,6.97,14.75,39.34,29.17,16.39,62.26,5698,3941,61.54,23,244,53,17
片平剛,2.094,22.73,8.77,13.96,23.70,35.62,21.75,52.86,6410,4500,52.63,32,308,70,27
可児那由多,2.098,24.48,10.69,13.79,37.59,26.61,18.97,57.75,6401,3326,43.48,51,290,71,31
kurono59,2.114,26.61,13.70,12.92,27.39,36.79,23.77,54.37,6061,4949,55.93,35,387,103,53
倉橋＠事務,2.115,21.74,15.53,6.21,39.75,31.25,14.91,65.71,6257,3504,47.62,26,161,35,25
ひたぎ,2.118,24.60,9.36,15.24,34.49,37.21,21.93,58.70,5171,4334,39.62,34,374,92,35
優@ABC,2.120,30.77,10.00,20.77,46.15,38.33,13.08,70.00,5510,4546,53.85,25,130,40,13
とびまこ,2.122,24.87,10.82,14.05,35.05,33.82,18.30,62.18,5818,4964,50.82,74,776,193,84
ゆーや.t,2.122,23.89,12.07,11.82,31.03,32.54,21.43,52.58,6218,4390,43.64,41,406,97,49
ev16384,2.125,25.86,10.92,14.94,28.74,33.00,18.97,53.33,6748,6526,32.31,32,348,90,38
nick2,2.130,23.71,9.05,14.66,42.67,34.34,15.95,70.91,6296,5138,54.84,23,232,55,21
かくろむ,2.136,23.67,15.51,8.16,41.22,25.74,17.14,56.90,6252,5253,50.00,22,245,58,38
ふじみやひろや,2.150,22.77,8.91,13.86,27.72,23.21,18.32,43.48,6478,5056,51.61,20,202,46,18
yyx0115,2.152,23.11,12.82,10.29,32.77,31.41,21.85,50.91,6088,4685,50.59,46,476,110,61
エネル,2.156,23.57,10.62,12.95,35.24,31.33,16.77,63.06,5425,4790,48.05,45,471,111,50
m@kg,2.162,23.13,12.29,10.84,34.94,32.41,15.90,64.58,5549,4822,42.25,37,415,96,51
凍魚凍魚,2.167,24.14,9.02,15.12,34.75,33.59,18.57,57.14,5931,3924,45.71,36,377,91,34
ボス猫,2.167,24.48,9.96,14.52,33.61,35.80,17.43,62.71,6510,5325,30.77,24,241,59,24
ミッキー0710,2.167,21.65,12.60,9.06,32.28,26.83,20.47,47.27,6325,5516,31.58,24,254,55,32
国王,2.171,23.73,11.47,12.27,37.87,26.76,17.33,53.93,6439,5174,32.88,35,375,89,43
jyunoh,2.172,23.31,9.46,13.85,27.36,38.27,17.91,57.97,5609,4332,29.79,29,296,69,28
luna2345,2.182,22.54,7.51,15.03,37.86,25.19,15.90,56.41,6008,5765,27.66,33,346,78,26
えすたまる,2.182,22.01,10.42,11.58,33.20,25.58,23.94,47.37,5975,4719,55.26,22,259,57,27
プレスプ,2.189,22.56,12.56,10.00,32.95,30.74,18.97,57.95,6205,4590,43.59,74,780,176,98
ふくぶちょう,2.190,20.09,12.82,7.26,34.19,16.25,21.79,42.55,7274,4950,44.74,21,234,47,30
船越英一郎,2.194,24.85,9.39,15.45,30.91,36.27,20.61,54.88,5160,4803,40.82,31,330,82,31
Xul,2.194,21.45,14.21,7.24,28.13,24.75,21.73,53.25,6612,4808,50.00,31,359,77,51
Kitamura,2.196,22.70,8.51,14.18,32.80,34.05,18.79,58.59,5274,4171,38.00,56,564,128,48
たなか教祖,2.196,24.65,12.50,12.15,35.21,31.00,17.08,57.86,5791,4845,45.88,56,568,140,71
ミスターぴーナツ,2.200,24.42,10.78,13.64,30.97,37.20,19.77,60.17,6096,5416,37.67,90,946,231,102
御影ゆずき,2.200,23.52,9.82,13.70,32.11,28.03,18.40,54.78,6058,5150,41.67,45,489,115,48
(￣▽￣)δ⌒・,2.200,24.61,14.14,10.47,32.46,30.65,18.85,61.70,6683,4200,47.62,35,191,47,27
denosuke,2.200,30.65,15.33,15.33,38.31,37.00,16.48,70.00,5482,5470,55.88,25,261,80,40
うさぎファンシー,2.205,23.61,10.60,13.01,34.46,30.77,17.59,59.18,5666,4132,43.55,39,415,98,44
はまちリーグ,2.206,20.66,7.44,13.22,37.19,26.67,17.36,61.33,6123,5248,41.67,34,363,75,27
幸運の獅子,2.207,21.05,9.21,11.84,34.21,23.08,16.12,53.12,6334,4643,43.18,29,304,64,28
罪刑法定主義,2.211,23.69,14.98,8.71,34.15,29.59,23.34,54.41,5693,4595,38.24,38,287,68,43
akibaban,2.212,24.66,11.23,13.42,32.88,32.50,17.26,62.22,6100,4437,41.51,33,365,90,41
冷凍ギョーザ,2.213,24.29,13.95,10.34,28.68,44.14,24.03,60.64,6520,4774,41.54,47,387,94,54
我可以,2.213,23.05,11.02,12.02,29.86,32.21,17.03,56.52,6283,5469,31.76,47,499,115,55
直哉,2.217,23.40,8.09,15.32,30.64,33.33,18.30,60.00,5498,4084,27.78,23,235,55,19
ダニバチョフ,2.224,23.52,10.28,13.24,35.97,34.62,19.96,58.82,5113,4662,44.05,49,506,119,52
たまもやん,2.227,21.12,9.16,11.95,23.51,33.90,22.31,45.28,7155,5443,38.46,22,251,53,23
yurimog,2.227,22.94,16.51,6.42,37.61,30.49,15.14,66.00,5660,4828,52.00,22,218,50,36
zoo1964,2.229,21.51,11.24,10.27,36.05,24.73,20.35,49.55,6993,5353,40.82,48,516,111,58
ＮＡＯ339,2.231,18.85,8.85,10.00,32.31,33.33,13.85,71.43,6455,4009,34.09,26,260,49,23
秘打白鳥の湖,2.235,23.09,12.48,10.61,30.91,33.73,18.62,58.87,5734,4588,42.35,51,537,124,67
紙吹雪,2.235,24.63,8.90,15.73,34.42,25.86,17.21,60.24,6189,5567,47.54,34,337,83,30
ヤナリンスキー,2.237,25.78,13.49,12.29,37.11,29.22,19.76,51.40,6565,4709,30.19,38,415,107,56
Benching,2.238,23.94,14.32,9.62,40.49,27.62,18.57,62.62,6650,5155,57.89,42,447,107,64
らいふがーどすき,2.239,23.52,9.67,13.85,35.60,36.42,16.04,67.29,6147,5034,44.00,46,455,107,44
RealX,2.240,23.27,16.33,6.94,37.14,27.47,20.00,50.88,6163,4902,51.43,25,245,57,40
メカゼットン,2.241,25.48,10.00,15.48,33.87,36.19,17.74,62.03,5643,5703,32.00,29,310,79,31
運太,2.241,25.77,13.80,11.96,31.90,40.38,18.71,60.71,5480,5376,43.10,29,326,84,45
ナゴム,2.243,22.22,13.89,8.33,29.29,29.31,23.23,51.14,6278,4256,47.69,37,396,88,55
bipsd,2.243,18.73,10.29,8.44,32.45,21.95,20.32,46.48,6644,4444,33.33,37,379,71,39
二千惠理人,2.250,23.44,11.00,12.44,36.36,27.63,13.40,67.35,6757,4096,35.48,20,209,49,23
とろろそば,2.254,21.71,11.62,10.09,28.35,28.83,20.95,51.76,6232,4847,48.91,71,783,170,91
UMA確認済,2.259,22.84,13.15,9.69,38.75,29.46,17.99,60.61,6164,4513,28.57,27,289,66,38
ランナーランナー,2.259,23.32,13.07,10.25,40.64,33.04,16.61,59.09,6552,5165,39.47,27,283,66,37
恥晒し,2.259,25.79,13.84,11.95,43.40,31.88,18.24,65.85,5102,3786,42.31,27,159,41,22
hihihiji,2.260,22.48,11.63,10.85,35.66,31.52,17.83,58.62,5775,5108,50.00,50,516,116,60
ろろ14,2.263,22.40,12.01,10.39,32.79,28.87,18.94,54.64,5986,5081,29.85,38,433,97,52
辛口カレーライス,2.265,19.66,12.86,6.80,33.50,23.91,18.69,48.15,6278,4413,35.00,49,412,81,53
復旦犬求好調専用,2.269,22.22,9.52,12.70,32.14,33.33,19.05,64.29,6282,4250,43.75,26,252,56,24
柳梦璃,2.269,19.65,16.49,3.16,30.18,22.09,21.75,39.29,6148,4700,36.17,26,285,56,47
se-ta,2.275,21.65,11.76,9.88,32.47,30.43,19.29,59.78,6614,5584,38.36,40,425,92,50
かぶ茶,2.280,23.44,10.42,13.02,38.73,30.41,19.37,61.35,5313,4912,40.56,82,883,207,92
シン太朗,2.281,21.97,13.00,8.97,25.56,31.58,23.32,46.94,6539,4838,50.00,32,223,49,29
てんくう,2.283,23.21,12.68,10.54,30.00,32.14,22.68,50.77,6232,4673,42.22,53,560,130,71
かしかお,2.286,22.22,9.43,12.79,34.34,32.35,20.88,63.64,6048,4371,54.35,28,297,66,28
占い師裏ないし,2.288,23.80,15.58,8.22,39.94,31.91,15.58,67.86,5280,4545,46.81,59,353,84,55
ふみKUN,2.288,21.59,12.73,8.86,33.21,28.89,17.16,61.54,6264,5065,43.21,52,542,117,69
akaiki,2.292,24.51,10.75,13.76,34.60,35.61,22.28,58.82,5209,4438,45.04,72,763,187,82
河嶋KK,2.300,22.08,9.43,12.64,32.26,28.07,16.42,59.83,6030,5650,47.19,50,530,117,50
どわんご,2.300,21.05,12.72,8.33,40.35,21.74,12.72,58.33,5371,5762,25.71,40,228,48,29
みかあ,2.300,20.94,8.55,12.39,32.74,31.53,17.11,63.38,6714,4776,43.75,30,339,71,29
氷川里奈,2.300,26.50,13.68,12.82,37.61,40.91,17.95,64.52,5900,5869,42.86,20,117,31,16
計算機自然,2.303,21.93,15.51,6.42,36.90,37.68,11.76,68.29,5256,3372,38.46,33,187,41,29
Real小白,2.306,22.49,10.29,12.20,37.56,32.48,14.11,65.96,5198,4658,41.98,36,418,94,43
鳳南のぶたさん,2.307,22.89,10.39,12.50,36.71,30.47,18.82,58.62,6232,5868,49.04,75,760,174,79
CLS,2.308,21.12,9.56,11.55,21.91,30.91,17.93,49.06,6368,6375,35.00,26,251,53,24
なっきり,2.308,22.53,10.32,12.21,34.22,32.66,18.74,60.31,5421,5504,47.64,107,1163,262,120
帆立夏衣,2.312,26.64,11.06,15.58,41.31,36.07,13.09,72.03,5068,4657,42.47,80,443,118,49
ラーメン五郎,2.314,25.00,10.45,14.55,38.18,32.14,17.27,58.18,4465,5087,48.57,35,220,55,23
うまうま0305,2.314,25.00,12.37,12.63,29.21,33.33,19.21,50.53,5736,5232,31.37,35,380,95,47
どんたゃん,2.315,24.41,12.14,12.27,40.93,29.05,19.65,56.41,5752,4574,39.47,73,799,195,97
椛南,2.316,21.18,10.10,11.08,24.38,34.34,20.69,51.16,5816,4999,35.90,76,812,172,82
＠次男,2.316,22.91,11.46,11.46,33.41,33.57,18.38,61.46,5212,4125,41.56,38,419,96,48
かわちゃん58,2.317,25.17,12.76,12.41,42.01,29.96,17.18,58.78,5338,4289,47.37,101,588,148,75
＿藤原千花＿,2.318,21.59,13.66,7.93,32.16,31.51,16.30,67.35,5388,4932,48.72,22,227,49,31
たいせ,2.320,20.95,10.67,10.29,31.05,28.83,21.33,56.36,6565,5098,47.00,50,525,110,56
ベリンダ,2.323,23.22,11.76,11.46,38.39,28.23,18.27,61.33,6176,5408,52.94,31,323,75,38
Ericyan,2.323,25.57,11.65,13.92,33.01,37.25,19.42,63.29,5506,6044,44.19,31,309,79,36
ジャッキーー,2.324,22.96,11.08,11.87,31.13,34.75,21.64,55.17,5751,4824,40.30,37,379,87,42
wrwrwrwr,2.327,23.87,9.97,13.90,34.74,33.91,16.31,60.76,5018,4794,36.36,55,331,79,33
あすにゃむ,2.328,23.45,9.42,14.03,33.67,33.33,20.64,53.85,5888,4464,51.47,67,499,117,47
まちお,2.333,23.53,12.38,11.15,34.31,34.64,18.63,60.94,5738,4723,53.21,78,816,192,101
syupon,2.333,22.64,11.32,11.32,34.91,33.33,18.55,56.25,6583,4697,33.04,60,636,144,72
＿園城寺怜＿,2.333,23.74,11.73,12.01,32.12,33.04,22.91,52.94,5932,5064,46.30,36,358,85,42
Coffee,2.333,22.75,9.00,13.74,31.75,26.87,17.54,58.33,4910,4963,39.47,21,211,48,19
101番目の魔物,2.333,24.57,13.36,11.21,40.95,30.53,16.38,61.40,6175,5790,55.00,21,232,57,31
おおみやまり。,2.333,23.68,12.28,11.40,34.65,27.85,19.30,51.85,5598,5175,32.43,21,228,54,28
おじさん,2.337,21.91,12.37,9.53,35.50,30.57,18.86,56.48,6059,5426,50.34,92,986,216,122
sako＠最,2.340,21.61,12.05,9.56,35.37,25.41,18.55,56.64,5657,4978,50.56,50,523,113,63
馬座標胤舜,2.340,19.42,11.35,8.08,32.50,28.99,15.38,60.40,6565,5263,51.22,47,520,101,59
あいこす,2.342,22.01,10.82,11.19,32.20,31.64,15.35,64.57,5539,4672,37.16,73,795,175,86
RYO@SS,2.344,23.04,9.94,13.10,34.64,30.87,15.51,60.13,5520,5312,34.92,61,664,153,66
雪峰夕,2.348,19.80,10.75,9.05,33.10,26.92,14.14,57.86,5899,4700,30.83,66,707,140,76
！ぼたもち！,2.350,21.47,14.66,6.81,33.51,31.25,20.94,48.78,5824,3700,37.93,20,191,41,28
PeterPan,2.351,23.21,12.74,10.47,31.06,34.83,19.72,52.63,5981,4568,35.80,57,573,133,73
虹色ジョーカー,2.351,19.35,10.80,8.54,34.42,25.55,19.60,55.84,5870,4284,37.50,37,398,77,43
LOLITA,2.352,24.25,12.57,11.68,36.83,34.15,17.66,60.49,4888,4033,50.98,54,334,81,42
ロッテ雀球,2.353,21.13,13.18,7.95,37.45,28.49,17.36,57.43,5842,4583,35.38,68,478,101,63
植野,2.354,20.16,10.18,9.98,27.09,27.07,21.59,49.49,5791,4306,40.00,48,491,99,50
さんいちろくご,2.355,21.59,11.63,9.97,31.56,27.37,19.93,49.23,5802,4637,40.00,31,301,65,35
okbokb,2.355,20.06,14.56,5.50,32.04,26.26,18.45,56.45,7165,5076,46.81,31,309,62,45
ヒコ,2.355,21.29,11.61,9.68,28.06,29.89,18.71,54.55,5962,4289,36.96,31,310,66,36
ラムマジ天使,2.358,23.71,10.33,13.37,32.83,32.87,17.63,58.97,5854,5938,39.13,67,658,156,68
【メタラー】,2.358,22.70,13.87,8.83,35.32,32.65,20.72,58.73,5833,5817,46.51,53,555,126,77
世界平和,2.358,24.37,10.75,13.62,28.32,36.71,20.97,57.35,5471,4742,48.35,53,558,136,60
15.15cm,2.359,19.48,12.91,6.57,32.16,24.82,16.67,59.04,6541,4796,37.14,39,426,83,55
はーちゃん,2.360,23.36,15.33,8.03,36.50,32.00,21.17,54.69,5848,4460,54.76,25,274,64,42
由良嫁,2.360,22.22,15.23,7.00,39.09,29.47,17.28,64.81,6170,4708,51.61,25,243,54,37
スカポン,2.361,20.00,11.06,8.94,29.18,28.23,14.12,60.00,6214,4872,29.17,36,425,85,47
FuKa,2.361,24.06,12.57,11.50,37.17,25.90,21.12,55.56,6589,5953,48.33,36,374,90,47
うーぱー,2.364,21.47,10.26,11.22,46.47,26.21,11.22,76.12,5052,4094,56.36,44,312,67,32
Kate1999,2.364,26.01,11.56,14.45,32.37,35.71,23.12,52.22,6181,5818,51.02,33,346,90,40
ヨシテル708,2.364,20.29,9.14,11.14,37.71,30.30,14.00,63.38,5880,4197,42.62,33,350,71,32
なおけむ！,2.366,22.05,14.48,7.57,32.74,28.57,24.28,47.47,6442,5689,54.29,41,449,99,65
運を手繰り寄せる,2.367,20.60,8.31,12.29,30.23,26.37,20.60,50.00,6539,4512,37.70,30,301,62,25
宮保鶏肉,2.367,23.87,9.05,14.81,35.39,29.07,18.93,58.62,5259,4845,53.85,30,243,58,22
00sai,2.367,19.56,10.41,9.15,33.12,26.67,17.67,53.23,6000,4821,43.24,30,317,62,33
ずんずん。,2.370,22.72,12.95,9.77,28.66,30.37,22.51,44.86,6485,5834,37.68,46,471,107,61
超攻撃アマゾネス,2.370,20.35,12.98,7.37,30.53,29.89,16.84,58.62,6003,5141,62.22,27,285,58,37
全速ゆーへい,2.370,23.79,10.00,13.79,39.31,26.32,15.86,66.67,5378,4776,36.17,27,290,69,29
Ankoanko,2.370,22.15,11.40,10.75,38.11,25.64,20.52,51.47,5556,4377,50.91,27,307,68,35
④センチ,2.371,22.87,11.97,10.90,33.52,32.52,19.75,59.86,6144,5367,46.34,116,1220,279,146
たま子,2.375,22.22,11.97,10.25,37.65,28.37,19.85,58.25,6232,4727,53.61,88,927,206,111
特東は世界を救う,2.375,19.15,10.64,8.51,33.51,25.40,16.76,56.94,5300,4555,41.67,64,376,72,40
カザラキ,2.375,21.09,11.64,9.45,33.09,24.18,18.55,56.90,5941,5259,41.58,48,550,116,64
小鳥遊練無21歳,2.375,19.80,12.38,7.43,29.70,35.00,13.37,67.50,6270,5064,33.33,32,202,40,25
seigen,2.375,21.97,10.69,11.27,33.24,30.43,17.63,59.21,5474,3535,47.06,32,346,76,37
迷わず押せよ,2.375,21.73,13.39,8.33,37.50,30.95,13.69,67.12,6678,5533,41.18,32,336,73,45
おいなりちゃんⅡ,2.375,22.76,11.79,10.98,29.27,26.39,22.36,39.29,6659,6128,31.58,24,246,56,29
バキ,2.375,19.91,12.22,7.69,33.48,28.38,19.46,47.73,5825,5033,31.25,24,221,44,27
Charo.,2.375,23.64,12.79,10.85,32.56,27.38,24.03,47.54,6354,5015,61.29,24,258,61,33
c.c-v.v,2.375,21.64,14.18,7.46,35.07,29.79,14.93,62.07,6079,4945,37.14,24,268,58,38
HACO,2.377,22.34,11.97,10.38,30.04,31.71,18.44,59.02,5944,4853,42.11,77,819,183,98
④避遊戯【東南】,2.377,26.54,11.93,14.61,28.81,35.71,18.72,58.14,6106,5547,39.39,53,486,129,58
Disorder,2.379,27.18,13.94,13.24,35.19,35.64,23.00,52.56,5823,4992,51.52,29,287,78,40
偽造捏造安倍晋三,2.379,21.09,14.38,6.71,38.66,27.27,21.73,53.03,5809,6182,65.38,29,313,66,45
えむあーる,2.381,20.17,12.61,7.56,37.82,25.56,20.59,54.17,5910,4870,60.00,21,238,48,30
レイトン准教授,2.381,22.38,11.43,10.95,40.00,32.14,13.33,63.83,4911,5112,40.54,21,210,47,24
運がない人,2.381,22.69,11.57,11.11,26.39,31.58,25.00,44.90,6561,4180,32.26,21,216,49,25
BBです。,2.382,22.07,11.47,10.60,35.14,32.98,19.48,62.01,5456,5001,46.94,76,811,179,93
みみず,2.382,21.83,14.93,6.90,39.58,27.40,18.31,55.48,5175,5416,56.31,123,710,155,106
suzume3,2.386,21.90,14.10,7.81,36.19,30.53,15.62,65.22,5408,4657,46.67,57,525,115,74
新月闇音,2.387,25.61,12.50,13.11,31.71,37.50,19.51,64.29,4789,5080,53.85,31,328,84,41
帰りたい。,2.389,19.74,11.05,8.68,37.11,29.08,19.21,60.00,5481,4671,47.95,36,380,75,42
米米米,2.390,21.46,13.92,7.55,32.78,34.53,19.81,59.34,6285,4810,41.18,41,424,91,59
rak3,2.391,18.62,10.32,8.30,28.34,23.57,18.62,51.09,6250,4451,35.00,87,494,92,51
シンプルなワキガ,2.391,22.87,13.39,9.48,36.12,29.34,21.76,53.05,5605,4814,47.32,69,717,164,96
クロちゃんだす,2.391,25.62,13.64,11.98,33.47,37.04,22.73,54.84,6184,5724,43.24,23,242,62,33
ジグソーーパズル,2.392,20.75,11.93,8.82,34.41,28.88,16.89,64.67,5686,5400,45.52,74,805,167,96
そんし様,2.392,22.61,11.76,10.85,38.79,28.44,18.20,61.79,5801,5245,51.65,51,544,123,64
ラ・ムー,2.393,27.02,14.39,12.63,33.33,37.89,20.70,57.14,6158,5534,25.71,28,285,77,41
渡天藍,2.394,18.89,10.84,8.05,37.77,21.31,18.89,59.02,5898,4486,63.16,33,323,61,35
ＩＣＨＩ,2.394,18.63,7.76,10.87,32.21,28.51,13.58,66.67,5353,5433,38.19,71,773,144,60
amaika,2.395,21.08,9.31,11.76,31.37,28.91,17.65,58.14,5803,4795,45.00,38,408,86,38
だっ,2.395,20.95,10.47,10.47,27.18,32.11,20.45,54.76,6255,5462,47.54,38,401,84,42
katerina,2.398,22.56,12.18,10.38,32.60,31.21,17.44,59.20,5741,4985,37.73,133,1445,326,176
K.2.K.,2.400,21.03,14.64,6.39,33.40,32.10,16.91,63.73,5664,4548,43.04,65,485,102,71
えがわりお,2.400,21.40,15.80,5.60,32.40,29.63,21.20,56.07,6214,4737,44.58,45,500,107,79
ラマー皇子,2.400,20.60,7.79,12.81,32.66,29.23,20.85,52.44,6027,5510,41.67,35,398,82,31
保育士,2.400,22.16,13.64,8.52,34.38,28.93,22.73,51.28,5686,5129,45.45,35,352,78,48
たこ☆焼き,2.400,18.46,9.74,8.72,32.31,25.40,13.33,61.11,5775,4647,44.44,30,195,36,19
Booooon.,2.400,22.62,12.67,9.95,35.29,30.77,15.84,56.00,5764,4196,43.18,20,221,50,28
ひっころ26,2.400,22.69,10.65,12.04,26.85,43.10,17.59,67.35,6122,6026,47.37,20,216,49,23
晨昏對峙,2.400,25.76,11.11,14.65,51.01,32.67,18.69,68.63,4806,5800,46.67,20,198,51,22
爆牌ウシジマくん,2.402,22.03,11.86,10.17,33.56,31.31,16.38,56.41,5848,4877,31.69,82,885,195,105
際の鯖,2.403,21.48,12.62,8.86,36.64,30.40,18.12,62.50,6172,5134,47.01,72,745,160,94
木原豪一,2.405,21.26,13.04,8.22,30.96,29.90,19.70,51.92,6011,5045,43.07,131,1350,287,176
ボクちゃん,2.405,22.61,13.33,9.28,35.56,27.94,17.65,58.96,5749,4013,48.06,74,765,173,102
易利薩伯,2.406,21.39,13.10,8.29,31.28,31.62,22.73,58.75,6504,4369,40.38,64,374,80,49
リツミサン,2.406,20.49,12.57,7.92,25.96,34.74,18.85,58.67,6256,4441,34.92,32,366,75,46
あさぴん＠ｍｊ,2.407,20.67,12.66,8.01,36.54,28.07,20.03,62.02,5850,5056,40.00,59,624,129,79
アーモローヴァ,2.407,24.53,13.84,10.69,35.22,35.71,20.13,66.67,4577,3418,37.04,27,159,39,22
Rogai,2.409,24.11,11.61,12.50,34.38,35.06,20.09,55.56,5011,3392,37.93,22,224,54,26
toitoi4,2.413,20.85,11.97,8.89,27.86,30.37,18.21,60.25,5337,4756,54.26,109,1170,244,140
Gagnant,2.415,21.33,10.19,11.14,37.44,29.75,17.30,64.44,5843,5086,46.99,41,422,90,43
Haaaland,2.415,19.50,12.03,7.47,36.93,25.84,19.92,57.45,5726,4838,42.50,41,241,47,29
けんぞーベイ,2.415,20.63,12.24,8.39,24.83,31.69,19.06,52.54,6248,6243,43.62,53,572,118,70
メガ鈍器,2.417,24.60,12.03,12.57,36.36,32.35,17.38,58.70,4910,4100,30.61,36,374,92,45
きゃーろん,2.417,20.99,12.21,8.78,44.27,26.72,14.89,65.45,5596,6072,35.14,24,262,55,32
完全安牌,2.417,18.33,9.56,8.76,31.87,26.25,18.33,52.17,6026,5121,34.69,24,251,46,24
RYO0116,2.417,17.91,9.70,8.21,25.37,20.59,15.67,54.17,5677,4338,40.68,24,268,48,26
8823467,2.417,23.02,14.72,8.30,27.92,31.08,24.91,45.90,6739,4818,35.00,24,265,61,39
trmettk,2.419,21.50,14.33,7.17,34.27,24.55,20.56,53.62,5883,4807,43.75,31,321,69,46
そふぁもん,2.419,22.25,12.43,9.83,39.02,30.37,14.45,68.83,5264,4730,38.89,31,346,77,43
外川竜成,2.421,18.97,13.79,5.17,33.19,24.68,19.83,47.73,6325,4453,43.90,38,232,44,32
かっ飛ばせ全部,2.421,21.20,8.98,12.22,36.41,30.14,16.46,57.65,5347,5328,37.70,38,401,85,36
S木,2.423,19.72,11.79,7.93,35.48,25.42,19.62,52.76,6205,4918,38.29,97,1009,199,119
eranvita,2.423,22.99,12.41,10.58,27.01,32.43,20.44,57.14,5708,5879,52.50,26,274,63,34
ミネラル,2.424,21.86,12.89,8.96,32.55,34.78,17.30,62.59,5546,4329,41.76,59,636,139,82
受け入れ重視,2.424,22.01,10.87,11.14,32.07,36.44,20.11,62.96,5604,4955,46.67,33,368,81,40
☆ゆいらぶ☆,2.425,24.70,13.91,10.79,31.41,34.35,17.51,69.90,5642,5557,40.58,40,417,103,58
からくり,2.429,20.49,10.02,10.47,32.07,29.86,15.59,57.61,6572,3584,37.33,42,449,92,45
たか141,2.429,23.50,8.99,14.52,29.72,40.31,15.67,63.73,6150,5156,35.62,42,434,102,39
パーラメント,2.429,17.93,13.59,4.35,30.71,24.78,18.48,56.06,5570,4812,41.54,35,368,66,50
林保徳（偽）,2.429,20.45,12.99,7.47,40.91,22.22,13.64,63.49,5525,4632,40.35,28,308,63,40
vAct,2.429,18.96,13.27,5.69,36.97,21.79,19.91,47.50,6035,3632,62.07,21,211,40,28
しろまめ,2.429,19.09,11.36,7.73,24.55,24.07,13.18,54.76,6126,4980,31.58,21,220,42,25
デラコッコ,2.430,22.79,13.76,9.04,33.43,31.53,19.08,60.35,5479,4734,51.27,93,996,227,137
えいきち@5mf,2.433,21.51,12.25,9.26,35.04,31.30,19.80,56.29,6029,4610,48.18,67,702,151,86
tikura,2.433,21.14,12.30,8.83,31.23,35.35,17.35,67.16,5740,6010,67.50,30,317,67,39
カラ松,2.435,21.14,11.23,9.91,28.27,28.04,16.12,61.88,5813,4935,28.37,69,757,160,85
chxff,2.435,22.61,11.81,10.79,33.60,34.55,19.55,61.26,5284,5103,54.41,46,491,111,58
猛反発まくら,2.436,22.17,11.58,10.59,27.83,25.66,22.17,50.00,6032,4594,35.00,39,406,90,47
サフォークの町,2.438,23.78,11.75,12.03,34.38,37.50,16.62,68.67,5063,5339,53.06,32,349,83,41
miku618,2.438,20.31,11.18,9.13,41.47,22.61,20.67,49.11,5805,5129,47.62,73,832,169,93
俺と妖夢,2.439,19.38,11.89,7.49,37.00,28.57,15.86,75.00,5330,4500,51.35,41,227,44,27
後付け解釈,2.440,23.02,14.75,8.27,33.09,33.70,20.86,60.94,5212,5944,51.06,25,278,64,41
せどなりあん,2.440,22.26,12.17,10.09,31.65,29.40,20.09,53.91,5828,5004,45.56,109,1150,256,140
心流,2.441,24.13,16.35,7.77,33.24,26.61,20.91,51.11,5926,4644,68.57,34,373,90,61
こず,2.442,22.94,14.00,8.94,36.12,31.27,18.47,57.95,5677,5342,46.46,77,850,195,119
九紋龍史進,2.443,22.28,12.49,9.79,31.73,31.63,20.41,55.41,5965,5098,43.75,194,2033,453,254
さきたま林檎,2.444,21.15,13.60,7.55,41.99,27.34,14.50,65.71,5757,4433,34.62,54,331,70,45
はたゆう,2.444,20.62,10.83,9.79,28.12,34.07,17.08,58.59,5732,4383,48.65,45,480,99,52
koala,2.447,21.65,7.81,13.84,33.93,35.53,12.95,72.16,5062,5577,43.53,38,448,97,35
ハガタカのえじき,2.447,20.26,12.63,7.63,31.58,30.00,16.84,68.83,5506,5033,59.09,38,380,77,48
applePie,2.448,22.57,9.71,12.86,36.00,30.56,17.86,60.76,6039,5374,42.99,67,700,158,68
サワンコフ,2.448,19.39,13.41,5.98,32.31,28.00,19.87,60.00,5266,4665,41.88,58,619,120,83
七生夕,2.448,19.87,11.67,8.20,26.81,37.65,15.46,63.49,5850,5131,38.46,58,634,126,74
メガフーディン,2.450,20.90,11.64,9.26,35.39,29.53,15.20,63.64,5368,5408,36.36,40,421,88,49
みーごま,2.450,20.45,12.27,8.18,40.45,31.46,16.82,66.67,5602,4363,55.81,20,220,45,27
黄村先生,2.450,24.88,15.12,9.76,33.17,42.65,19.51,68.63,4829,4574,48.28,20,205,51,31
大文字山,2.450,21.72,9.95,11.76,28.51,25.40,19.00,50.00,5804,5095,30.30,20,221,48,22
3tree,2.451,21.59,10.63,10.96,38.21,29.13,17.11,60.00,5438,4827,37.35,102,602,130,64
〓しーら〓,2.452,23.73,13.56,10.17,42.94,36.84,14.69,71.43,4869,4500,42.86,31,177,42,24
トリトリ,2.455,20.73,11.94,8.79,29.52,30.34,18.41,60.80,5513,4890,37.62,55,603,125,72
こに,2.455,22.85,14.24,8.61,34.72,29.91,19.29,57.14,5213,4894,44.44,33,337,77,48
ninjah,2.455,24.59,12.30,12.30,27.87,36.76,20.90,50.00,5542,4407,43.75,22,244,60,30
古本,2.455,19.44,12.04,7.41,33.80,31.51,16.20,69.05,5814,5208,27.27,22,216,42,26
小池美波⊿,2.455,21.95,11.38,10.57,39.02,35.42,16.67,77.78,4533,3771,54.35,22,246,54,28
otym24,2.455,18.70,12.17,6.52,35.22,23.46,15.22,53.49,5493,4214,33.33,22,230,43,28
桜花閃々,2.456,22.54,13.73,8.82,41.94,30.03,15.11,67.60,4851,4964,44.07,136,794,179,109
輝夜月,2.456,20.40,11.11,9.29,34.49,32.21,17.41,64.23,6033,6022,39.51,57,603,123,67
KORAI@@@,2.457,24.15,12.71,11.44,33.47,33.54,18.43,60.53,5989,5573,48.44,46,472,114,60
守村桜弥,2.457,22.37,11.05,11.32,35.79,27.94,17.37,57.65,5289,5629,34.78,35,380,85,42
とんとことん,2.457,23.16,11.05,12.11,28.42,33.33,17.89,56.82,4764,4238,29.17,35,190,44,21
M本,2.459,22.53,14.18,8.35,35.70,39.72,16.20,71.91,5213,5470,50.00,37,395,89,56
菅田将暉(偽物),2.460,22.34,15.25,7.09,38.67,30.28,19.57,59.31,6201,5160,53.40,63,649,145,99
ひまつぶし,2.460,22.03,13.71,8.32,33.90,22.27,21.73,46.15,5772,5812,47.47,63,649,143,89
片山場況,2.462,21.86,12.21,9.65,36.51,29.77,16.97,58.10,5374,5358,43.55,78,819,179,100
Nemo,2.462,21.82,11.51,10.31,36.93,31.82,17.51,59.34,5944,4581,52.50,39,417,91,48
asada12,2.462,23.86,15.53,8.33,42.80,30.09,14.39,69.84,6173,6149,52.50,26,264,63,41
mattuan,2.462,21.35,13.17,8.19,32.38,27.47,21.71,46.67,6013,4765,47.22,26,281,60,37
うぃんでぃ,2.462,24.07,6.67,17.41,32.22,33.33,16.67,61.54,5723,6450,35.90,26,270,65,18
riouchan,2.462,23.21,15.00,8.21,43.17,25.44,22.16,53.91,5458,4657,50.41,186,1047,243,157
麻倉葉,2.462,22.89,13.55,9.34,36.35,29.01,16.67,63.16,6336,5733,49.06,93,996,228,135
ツアイビ,2.464,22.52,16.23,6.29,41.72,28.57,17.22,70.59,5697,5004,50.00,28,302,68,49
りこりんご,2.464,21.11,10.00,11.11,22.96,32.26,20.74,50.88,5251,4493,31.71,28,270,57,27
裏の主将,2.467,23.16,14.07,9.09,39.83,28.80,19.48,55.14,5414,5877,37.97,45,462,107,65
ぱーせんと侍,2.467,18.79,10.51,8.28,35.67,23.21,20.06,54.24,6266,5867,38.57,30,314,59,33
KEN-OGAS,2.467,23.40,12.46,10.94,31.31,33.01,18.84,54.55,5482,4234,33.33,30,329,77,41
三冠王・山田哲人,2.468,17.72,11.19,6.53,35.26,23.81,17.72,56.84,6794,5855,37.25,62,536,95,60
12305,2.468,19.41,11.76,7.65,33.92,28.32,15.49,61.62,5455,4783,51.76,47,510,99,60
NIJIIRO,2.469,21.03,11.51,9.52,33.73,32.94,14.68,71.70,4751,4869,39.58,32,252,53,29
sandiris,2.469,22.30,11.08,11.22,36.84,30.45,17.04,63.98,5061,4751,44.04,81,722,161,80
グリン,2.469,21.43,11.84,9.59,33.46,31.46,14.47,62.28,5092,4946,42.86,49,532,114,63
mymeloXX,2.470,24.27,13.59,10.69,37.63,32.41,18.12,58.85,5469,5240,50.75,83,861,209,117
むし歯,2.471,22.61,11.23,11.37,29.26,34.60,20.11,57.06,5509,5028,47.22,68,721,163,81
rai211,2.471,23.14,14.57,8.57,31.43,30.00,22.29,54.32,5898,5833,42.31,34,350,81,51
二階堂真紅ちゃん,2.476,20.34,11.14,9.20,28.33,28.21,20.10,54.76,5763,4750,39.39,42,413,84,46
まとた,2.477,19.32,11.96,7.36,30.22,26.52,20.24,52.38,6136,5054,41.96,88,761,147,91
ちゃんかわ,2.477,23.01,12.04,10.97,35.05,34.97,16.56,65.42,5316,5439,49.35,44,465,107,56
赤座あかりEX,2.477,22.38,13.39,9.00,32.43,33.55,19.04,62.62,5341,4752,36.00,44,478,107,64
saichanz,2.477,21.39,11.08,10.31,32.04,30.83,17.44,57.83,5225,5258,44.21,111,1164,249,129
鳳東のみけにゃん,2.478,22.03,12.02,10.02,37.29,31.82,17.26,62.94,5318,5409,41.05,67,649,143,78
仙境尾瀬沼花の原,2.478,19.50,9.54,9.96,29.88,27.78,16.60,57.45,5170,4652,45.00,23,241,47,23
長山大樹,2.478,24.26,10.21,14.04,31.49,37.84,21.28,57.89,5691,4817,31.58,23,235,57,24
MJちゅんしゃー,2.478,24.50,12.85,11.65,30.12,34.67,14.06,63.93,5436,4934,37.93,23,249,61,32
さかき,2.480,22.14,10.68,11.46,31.84,35.98,16.31,60.53,5434,4940,30.14,50,515,114,55
azusa_mj,2.481,20.43,13.08,7.35,30.47,30.00,17.38,57.02,6066,4982,43.02,52,558,114,73
Che,2.481,21.49,13.22,8.26,34.71,29.37,15.98,60.26,5796,5317,44.44,52,363,78,48
鳳東のうさぎさん,2.481,22.70,13.49,9.21,44.74,27.94,16.12,68.12,4914,4600,57.14,54,304,69,41
アイスティーあべ,2.481,23.84,13.25,10.60,39.07,32.20,16.56,61.11,4831,4860,40.00,27,151,36,20
超級鳳凰,2.483,18.16,13.00,5.16,27.92,25.34,20.65,53.68,6711,5497,50.00,58,523,95,68
酒井73,2.483,19.87,14.01,5.86,35.18,26.85,17.59,57.38,5564,4363,48.00,29,307,61,43
アメアラレ,2.483,22.70,13.50,9.20,34.97,31.58,18.40,56.76,5486,5268,40.00,29,163,37,22
あはも,2.483,21.71,15.30,6.41,27.14,27.27,25.66,46.21,7045,5645,54.05,60,608,132,93
駿,2.488,19.38,11.80,7.57,30.73,25.36,20.04,54.02,6302,4572,39.29,41,449,87,53
ハンドラー・ワン,2.488,22.34,10.65,11.69,37.66,29.66,15.58,62.79,5155,4429,37.70,43,385,86,41
等々力劇場,2.489,19.44,10.58,8.86,26.85,30.54,17.99,57.82,5904,4460,31.39,88,756,147,80
根元から吹っ飛ぶ,2.489,19.89,10.23,9.66,38.92,26.28,16.48,58.57,6003,4864,44.64,47,352,70,36
モンキートリック,2.490,19.50,10.71,8.80,31.74,25.90,18.16,58.82,6119,4486,37.33,51,523,102,56
古斯塔夫二世,2.493,22.21,11.04,11.17,32.22,31.47,18.74,57.23,5482,4924,36.36,75,779,173,86
たかはしぃぃぃ,2.494,21.50,11.07,10.42,32.57,34.00,16.07,65.66,6025,4878,37.76,87,921,198,102
純潔ピラニア,2.497,22.45,14.20,8.25,34.55,31.63,15.25,63.56,5617,5028,43.95,175,1528,343,217
ハタモトヒロ,2.500,23.36,11.68,11.68,36.70,32.67,16.37,64.29,5427,5107,44.68,92,959,224,112
タマネギ,2.500,24.43,10.36,14.08,36.57,32.30,19.90,59.60,5445,5138,42.35,60,618,151,64
COEDO緑,2.500,22.64,10.53,12.11,34.43,34.25,15.88,64.58,4768,4837,43.00,58,636,144,67
おかもろん,2.500,19.89,14.34,5.54,28.11,25.17,17.02,55.77,6520,4060,47.67,48,523,104,75
ヴム９て,2.500,16.01,10.68,5.34,30.96,24.14,11.74,68.89,5540,4983,42.86,46,281,45,30
養分丸,2.500,22.74,15.25,7.49,31.52,30.33,25.06,45.45,5468,4361,50.00,34,387,88,59
ナカにし,2.500,20.38,13.40,6.97,35.92,28.36,17.43,56.58,5459,4718,48.53,34,373,76,50
虚淵玄,2.500,21.95,11.89,10.06,30.49,34.00,21.34,51.39,5765,4895,40.91,32,328,72,39
六部圭,2.500,24.64,12.46,12.17,32.17,30.63,21.74,51.76,6100,4965,34.85,32,345,85,43
xxbmm,2.500,19.78,9.71,10.07,33.09,28.26,18.35,58.18,5133,4037,47.27,26,278,55,27
アヒルツルギー,2.500,20.96,12.71,8.25,30.58,26.97,19.24,54.10,5952,5730,51.92,26,291,61,37
donchan3,2.500,19.93,12.32,7.61,27.54,31.58,18.48,54.55,6444,3632,46.15,26,276,55,34
満ち欠け,2.500,21.09,12.00,9.09,36.36,21.00,20.00,46.55,5612,5233,39.58,26,275,58,33
裏知らず,2.500,18.53,8.74,9.79,28.67,28.05,23.08,50.94,5932,5948,51.67,26,286,53,25
てりうむ,2.500,22.83,12.60,10.24,29.53,26.67,16.54,58.62,5703,5534,36.11,24,254,58,32
エルゲルージ,2.500,22.40,13.20,9.20,40.80,25.49,16.00,55.36,5339,5470,42.31,24,250,56,33
あべすけ,2.500,26.72,10.34,16.38,27.59,46.88,19.83,58.06,4374,3083,43.75,22,116,31,12
（*^◯^*）,2.500,20.85,11.91,8.94,28.09,28.79,17.02,57.14,5798,6068,37.78,22,235,49,28
porfevre,2.500,17.70,15.79,1.91,38.28,21.25,18.18,59.46,6797,4642,50.00,20,209,37,33
SilenT,2.500,18.93,10.68,8.25,32.04,37.88,17.96,71.79,6469,6991,26.83,20,206,39,22
たっちょ,2.500,22.50,15.00,7.50,45.83,21.82,22.50,51.85,5633,5372,43.48,20,120,27,18
俊文龍,2.500,22.32,13.84,8.48,35.71,31.25,15.62,62.00,6266,4416,41.38,20,224,50,31
Steins,2.500,18.35,16.51,1.83,33.94,22.97,17.89,67.50,7372,4008,50.00,20,218,40,36
☆ムーニ☆,2.500,20.59,15.20,5.39,35.29,29.17,21.08,57.14,5724,5339,46.88,20,204,42,31
のりくん,2.504,18.87,11.44,7.43,29.81,30.22,16.87,60.98,5756,4520,35.59,129,1399,264,160
tori0612,2.507,22.12,12.45,9.67,40.79,28.90,13.11,67.07,5381,4501,41.82,69,755,167,94
絶対防御将軍,2.508,20.29,12.61,7.68,35.80,29.55,17.83,61.43,5768,4585,51.72,65,690,140,87
白日雪菜,2.508,21.99,12.05,9.94,36.36,29.07,18.39,59.62,5331,5209,35.21,63,473,104,57
小宮たずき,2.510,20.60,12.55,8.05,33.43,29.41,18.45,61.36,5571,4993,40.22,100,1068,220,134
松屋おじさん,2.510,22.33,12.01,10.32,37.52,34.00,16.89,63.87,4823,4580,44.59,49,533,119,64
MACOTO,2.511,21.08,12.73,8.35,33.60,31.21,17.72,61.35,5465,5139,43.56,92,982,207,125
麻雀IQ120,2.513,18.80,11.23,7.57,18.80,34.72,17.49,61.11,6261,5433,35.71,39,383,72,43
アリアンロード,2.513,22.60,11.54,11.06,37.74,26.75,18.75,58.51,5616,5417,38.60,39,416,94,48
NOTA,2.514,17.79,10.58,7.21,30.77,28.12,17.07,58.11,6009,5218,36.67,37,416,74,44
きいな,2.514,19.04,13.45,5.58,26.90,27.36,19.80,48.00,6673,5025,44.74,37,394,75,53
牌流状態麻雀,2.514,20.61,12.58,8.04,31.66,28.50,20.01,54.64,6543,5433,49.31,177,1829,377,230
Katana0,2.514,23.42,15.15,8.26,27.00,29.59,21.49,50.59,5828,5431,45.45,35,363,85,55
ふじかつ,2.515,22.44,13.17,9.27,44.39,26.37,17.40,63.77,5584,5523,50.00,101,615,138,81
WishArt,2.515,20.71,10.63,10.08,35.97,28.79,15.26,59.21,5570,5579,36.23,33,367,76,39
挑戦者！,2.515,19.41,10.90,8.51,35.37,24.81,19.95,61.64,5755,4741,46.97,33,376,73,41
エコエコスモーキ,2.516,21.20,14.56,6.65,31.65,28.00,23.10,53.73,6164,5707,39.62,31,316,67,46
らいあんじゃん,2.516,20.41,12.72,7.69,36.82,24.51,20.00,57.79,5833,5060,42.86,91,975,199,124
しょぼんｎ,2.517,22.51,12.70,9.81,34.57,32.09,20.10,59.29,5851,5513,40.00,60,622,140,79
レオンハルト,2.517,20.00,10.61,9.39,32.42,25.23,16.06,56.06,5509,4691,32.79,29,330,66,35
MudFlow,2.519,22.24,12.41,9.83,33.45,36.08,16.03,66.67,5909,4812,41.84,54,580,129,72
osrg,2.519,21.45,14.19,7.27,24.91,30.56,20.07,50.00,5856,4759,55.00,27,289,62,41
マロとジーノ,2.519,22.90,11.94,10.97,35.81,35.14,20.00,63.38,5444,5422,46.94,27,310,71,37
pawa,2.520,19.92,10.79,9.13,31.12,34.67,19.92,56.25,5515,5515,48.39,25,241,48,26
山外小楼任听雨,2.520,22.59,11.11,11.48,36.30,33.67,19.26,55.74,5298,5713,43.24,25,270,61,30
じゅんこりん,2.522,21.20,14.56,6.64,25.27,28.81,16.49,58.59,5935,5579,56.16,46,467,99,68
比嘉愛未,2.522,19.66,9.40,10.26,45.30,21.70,11.97,65.22,5330,4018,25.00,23,234,46,22
パパパパ,2.522,18.11,9.06,9.06,29.13,31.08,23.23,58.70,5783,7130,43.14,23,254,46,23
岩倉人,2.522,21.10,13.30,7.80,29.36,43.75,17.43,71.74,5524,6466,50.00,23,218,46,29
ふか,2.522,21.04,11.96,9.08,33.25,30.27,17.82,57.25,5863,5529,39.80,113,1212,255,145
hiroyu,2.523,20.57,11.61,8.96,34.22,24.40,19.96,48.51,5907,5021,40.00,44,491,101,57
jackt,2.524,19.19,14.45,4.74,29.38,26.61,23.22,51.85,6980,4969,38.96,42,422,81,61
トシフーニ,2.524,22.91,14.80,8.11,39.86,34.73,16.71,71.88,5801,5795,43.33,42,419,96,62
☆Adrian,2.524,23.18,12.27,10.91,53.64,28.81,15.00,70.59,4533,4141,36.67,21,220,51,27
東京電力,2.524,21.91,9.96,11.95,35.86,34.44,13.94,67.27,6175,5232,33.33,21,251,55,25
中年の危機,2.524,23.61,15.97,7.64,42.36,24.59,23.61,55.88,5997,4317,48.00,21,144,34,23
ぽっけさん,2.524,21.04,11.41,9.63,31.49,28.82,19.17,55.18,5515,5194,39.68,185,1972,415,225
Frankinn,2.525,19.26,13.58,5.68,23.70,33.33,21.98,44.87,5812,4669,35.21,40,405,78,55
Halfs,2.525,20.42,12.64,7.78,30.47,28.72,18.96,55.56,6236,5158,35.00,59,617,126,78
大坂屋,2.526,21.16,10.83,10.33,33.25,29.55,20.65,51.19,6225,4460,49.18,38,397,84,43
ひなのりく,2.528,19.60,13.19,6.41,28.94,27.85,18.13,54.21,5750,4275,37.35,72,546,107,72
あたかな,2.528,21.99,12.53,9.46,38.62,35.10,15.35,72.09,5476,4541,37.31,36,391,86,49
ロンごとき,2.528,21.58,13.68,7.89,31.32,22.69,19.21,53.66,5094,4762,49.09,36,380,82,52
hisato棒,2.531,20.71,12.13,8.58,26.92,21.98,14.50,61.43,5951,4312,40.74,32,338,70,41
黒羽織,2.531,21.74,12.09,9.65,30.71,30.31,18.48,58.44,5621,4648,43.37,143,1472,320,178
muumura,2.532,20.48,13.22,7.25,32.51,29.94,17.63,62.78,4996,4641,49.72,188,1089,223,144
†白兎†,2.532,22.05,12.40,9.65,31.69,34.78,12.01,69.64,5150,5371,39.78,47,508,112,63
卓☆,2.533,21.70,13.67,8.04,28.94,30.56,18.97,54.81,6228,5093,40.70,60,622,135,85
muusanmu,2.533,18.55,13.91,4.64,35.65,24.39,15.65,64.06,5283,4129,47.17,60,345,64,48
harukas,2.533,22.13,9.19,12.94,27.14,39.23,17.54,62.26,5870,4884,40.96,45,479,106,44
よぴ,2.533,19.38,8.00,11.38,21.85,36.62,12.62,63.49,5922,4481,33.33,30,325,63,26
ハズレ,2.533,21.57,10.46,11.11,37.25,28.07,23.53,50.00,5876,5309,52.00,30,306,66,32
kame,2.533,18.90,14.63,4.27,32.01,27.62,17.07,54.84,6102,5052,30.23,30,328,62,48
河童のワカマツ,2.534,21.14,9.94,11.21,33.72,28.21,19.34,56.50,5364,5136,39.55,88,946,200,94
oliver,2.535,20.91,12.93,7.97,38.15,27.68,17.03,58.76,5728,4915,32.14,43,464,97,60
bakura08,2.535,20.45,13.03,7.42,29.89,30.08,18.43,51.65,6123,4702,25.37,43,445,91,58
チワワ隊長,2.536,17.95,14.10,3.85,29.49,21.74,20.51,46.43,6011,3686,39.13,28,156,28,22
yo$hiki,2.536,21.01,14.13,6.88,34.59,27.85,15.32,64.19,5355,4743,50.27,97,1090,229,154
ウサギクレイジー,2.537,17.42,13.80,3.62,36.43,20.50,16.52,55.84,6327,5715,43.90,41,442,77,61
clutch73,2.538,21.44,14.72,6.71,34.04,30.45,16.14,64.84,5855,5043,37.04,80,849,182,125
日向かなた,2.538,18.60,8.59,10.02,26.12,25.34,14.49,66.35,5308,4688,39.36,52,559,104,48
天安門忘却,2.538,20.96,12.88,8.08,34.34,28.68,20.71,56.63,6059,4833,38.24,39,396,83,51
悔いタン,2.538,22.05,14.07,7.98,41.83,27.27,18.25,62.07,6081,5241,46.15,26,263,58,37
まどぴー,2.538,22.30,14.75,7.55,33.09,31.52,17.99,59.68,4850,5285,46.81,26,278,62,41
はすた,2.538,18.89,15.19,3.70,20.00,27.78,25.56,33.33,6847,5198,42.86,26,270,51,41
日陰さん,2.539,20.73,11.39,9.34,29.00,27.04,19.12,52.33,5734,4796,37.33,89,931,193,106
しもんぬ,2.540,20.69,13.14,7.55,30.97,30.73,20.54,57.66,6214,5361,43.88,63,662,137,87
兔斯基,2.540,19.74,11.33,8.41,38.03,27.40,17.37,63.89,5216,5268,35.11,50,547,108,62
【さとぼー】,2.541,21.69,12.57,9.13,32.14,32.10,20.90,54.88,5502,4872,43.36,74,756,164,95
職業、風2,2.541,20.71,13.13,7.58,37.37,24.32,17.17,53.66,4971,4315,34.21,37,198,41,26
燐..,2.542,20.77,13.85,6.92,23.85,37.10,18.08,62.96,4928,4764,46.51,24,260,54,36
SilverDF,2.543,22.16,11.08,11.08,38.92,31.79,17.78,66.28,5693,4435,40.74,35,388,86,43
猪狩守,2.543,20.20,13.30,6.91,35.81,30.71,16.88,60.76,5589,5373,40.35,35,391,79,52
風で鳴く,2.543,22.59,15.99,6.60,32.23,29.92,21.57,53.93,6609,6478,60.87,46,394,89,63
mbrchan,2.544,23.00,12.46,10.54,36.74,32.17,15.81,65.28,5666,5742,48.08,57,626,144,78
むーんあいず,2.545,21.83,10.66,11.17,37.39,29.41,18.44,53.49,5359,5133,43.82,55,591,129,63
農家の嫁,2.545,21.16,12.97,8.18,36.13,29.83,19.76,54.72,5253,5498,41.49,44,501,106,65
PDGON,2.545,20.00,12.24,7.76,33.13,28.83,19.10,56.72,5860,5629,40.38,33,335,67,41
鳳南のお馬さん,2.545,24.28,15.03,9.25,39.02,31.85,17.92,58.33,5238,4546,36.54,33,346,84,52
闇の大魔王ゾーマ,2.545,20.94,12.82,8.12,31.62,29.73,20.09,65.31,6804,5433,64.10,22,234,49,30
lizi,2.545,23.31,12.71,10.59,39.83,30.85,17.80,63.64,5549,6217,37.50,22,236,55,30
葵ちゃん,2.545,19.16,14.49,4.67,30.84,22.73,21.03,51.22,7395,5626,55.56,22,214,41,31
Msuzuto,2.545,22.22,16.24,5.98,33.33,21.79,23.50,40.38,6031,4042,50.00,22,234,52,38
Pbotking,2.547,21.05,14.22,6.83,30.89,34.69,19.86,58.63,6203,5143,45.88,150,1596,336,227
黒犬@てんほー,2.550,18.48,12.80,5.69,31.28,28.79,18.96,64.10,5669,5748,43.59,20,211,39,27
右脳詰め,2.550,22.81,13.16,9.65,32.46,21.62,21.93,46.15,5587,5527,31.58,20,228,52,30
夏なのに,2.550,20.32,9.63,10.70,22.99,34.88,21.93,55.26,5092,3561,46.67,20,187,38,18
清夜悠悠,2.550,22.17,12.81,9.36,36.95,26.67,20.20,64.44,5304,4358,70.73,20,203,45,26
オレンジ太郎,2.550,19.91,19.00,0.90,28.05,29.03,19.00,56.82,6761,4752,38.24,20,221,44,42
ヴィワコグニ,2.550,24.04,16.35,7.69,39.42,21.95,24.04,48.00,5864,5900,57.14,20,104,25,17
温★情★措★置,2.551,22.30,8.36,13.94,45.64,28.24,13.24,65.62,4502,4596,42.86,49,287,64,24
青学非リア勢,2.552,19.46,12.42,7.05,36.91,29.09,20.47,56.90,4840,5354,42.37,29,298,58,37
Cr7,2.554,20.48,12.15,8.32,35.01,26.42,18.63,57.42,6223,5896,38.52,74,757,155,92
みのはじ,2.554,21.96,12.38,9.57,33.71,29.94,18.63,62.56,5866,5252,50.00,92,961,211,119
いちひかり,2.556,20.84,11.22,9.62,32.26,35.40,14.63,72.12,5944,4691,36.62,45,499,104,56
ダーソノ,2.556,18.37,14.84,3.53,49.12,21.58,17.31,61.54,5452,5014,54.35,27,283,52,42
うけながしません,2.557,19.48,10.84,8.64,27.85,29.56,18.38,54.93,5943,5058,36.89,70,729,142,79
xo雀,2.558,18.83,11.01,7.82,35.35,25.13,18.29,60.38,5965,4313,35.64,52,563,106,62
お高,2.558,20.49,14.34,6.15,37.09,28.18,17.62,59.00,5858,4579,33.33,43,488,100,70
Emiu,2.560,19.57,11.59,7.97,22.46,38.71,25.00,53.70,5628,5994,55.77,25,276,54,32
朝日,2.560,21.12,14.34,6.77,37.05,27.96,22.71,50.94,5636,5519,47.37,25,251,53,36
風光明媚,2.560,20.94,10.47,10.47,35.38,26.53,13.72,63.79,5309,6710,53.06,25,277,58,29
速水凛香,2.561,22.40,7.89,14.51,32.81,31.73,14.83,56.34,5675,4676,29.63,57,317,71,25
ちそぴらごぼう,2.561,21.93,14.24,7.69,34.53,33.18,17.68,61.94,5448,5294,43.75,57,611,134,87
釣り日和,2.564,19.79,11.19,8.61,30.46,31.07,19.79,52.17,5809,4986,41.90,55,581,115,65
Aria,2.564,20.92,12.50,8.42,34.56,30.97,15.93,64.06,5412,4525,34.55,117,1224,256,153
Out,2.564,18.33,12.38,5.95,29.29,23.58,16.90,59.74,5516,4437,39.19,39,420,77,52
夜光天楼,2.564,17.62,11.11,6.51,44.06,22.61,10.34,73.91,5470,3652,50.00,39,261,46,29
エスケー.,2.564,21.95,14.48,7.47,38.91,30.81,14.93,64.95,5277,4748,41.79,39,442,97,64
うずめ改弐,2.565,23.49,12.92,10.57,36.71,29.60,18.50,58.13,6066,5780,45.45,69,681,160,88
はいてんぼー,2.565,20.75,12.58,8.18,30.19,26.39,15.93,52.53,5748,5343,43.42,46,477,99,60
三島八雲,2.567,21.99,13.55,8.43,30.72,40.20,16.27,69.86,4445,4340,37.10,30,332,73,45
まえた,2.567,21.62,13.81,7.81,30.93,37.86,14.71,68.06,5478,4280,33.33,30,333,72,46
ノオチャベス,2.568,21.79,15.50,6.29,30.92,31.81,17.15,61.73,5613,4954,40.88,118,1271,277,197
寿人流牌手,2.569,22.67,11.84,10.83,39.42,29.18,17.77,63.43,5584,5896,46.39,58,591,134,70
3月のショウタ,2.571,19.39,12.12,7.27,31.02,32.29,17.77,60.00,5650,4911,41.84,56,619,120,75
-豊口めぐみ-,2.571,19.89,10.64,9.24,34.17,31.15,19.33,60.56,5320,4684,47.17,35,357,71,38
soldier5,2.571,25.08,12.54,12.54,35.11,33.93,25.71,53.75,5456,5120,38.78,28,319,80,40
南斗シン,2.571,20.00,11.48,8.52,37.41,24.75,16.67,59.26,6335,5545,42.11,28,270,54,31
37悠一,2.571,21.25,19.17,2.08,34.58,34.94,20.83,62.75,6498,5696,52.94,21,240,51,46
chxcc,2.571,20.19,12.98,7.21,34.13,28.17,16.35,66.67,5340,4178,33.33,21,208,42,27
侍,2.572,19.66,12.53,7.14,38.05,28.14,15.76,65.75,5715,5113,50.97,138,1485,292,186
ラブレー,2.574,21.72,12.50,9.22,36.09,31.60,12.03,67.63,6111,4364,39.42,68,640,139,80
693,2.577,20.07,12.19,7.89,30.11,32.14,13.62,62.50,4907,4732,36.59,26,279,56,34
うどんこ,2.579,19.85,14.60,5.26,31.82,26.15,20.58,54.41,5789,5617,52.73,76,685,136,100
ベンゼマさん,2.579,21.08,11.57,9.51,33.42,26.15,21.34,47.56,6260,4549,36.36,38,389,82,45
しらすＡ,2.581,19.94,12.88,7.06,32.82,24.30,16.87,56.92,4928,5140,37.29,31,326,65,42
明星市民,2.581,21.04,12.94,8.09,31.72,34.69,14.56,67.69,5638,5575,51.85,31,309,65,40
navel,2.581,18.47,13.16,5.31,31.00,25.34,19.53,50.57,5805,4553,37.50,43,471,87,62
馬了隔壁,2.582,19.96,11.48,8.48,36.57,25.12,15.90,59.29,5738,4757,41.94,55,566,113,65
麻雀ハイブリッド,2.583,19.48,12.61,6.88,28.65,25.00,19.20,51.47,6243,4420,48.28,36,349,68,44
東風のきゃぷさん,2.583,22.66,16.26,6.40,36.45,24.32,17.24,60.87,5328,4909,52.00,36,203,46,33
asmeias,2.583,17.99,10.46,7.53,35.98,26.74,15.06,60.47,5167,4664,33.33,24,239,43,25
ヒカル,2.583,15.70,11.57,4.13,29.75,18.06,17.36,42.11,8150,5029,34.21,24,242,38,28
豚の王,2.584,20.57,14.99,5.58,33.33,29.00,20.94,51.81,6162,4805,35.92,77,807,166,121
マーボウ,2.585,19.68,12.94,6.74,38.65,28.90,14.72,69.37,5549,5205,30.93,53,564,111,73
多摩ソージ,2.586,22.17,16.09,6.08,34.48,31.43,18.72,62.22,5287,5354,47.13,58,609,135,98
日曜日よりの使者,2.588,21.63,11.91,9.72,42.01,28.36,16.30,66.67,4441,3632,52.27,51,319,69,38
Gowo,2.588,18.28,15.36,2.93,38.39,21.90,17.55,53.00,6878,4658,42.22,51,547,100,84
赤毛のキョン,2.589,18.48,14.18,4.30,30.89,29.51,20.13,58.90,5494,4511,44.06,73,790,146,112
火霊夢,2.591,20.81,12.92,7.89,35.41,29.05,20.33,58.62,5690,5522,46.77,44,418,87,54
好きな食べ物は,2.591,25.10,15.23,9.88,38.27,31.18,16.87,60.66,4574,4384,39.13,22,243,61,37
ピンサロ店員,2.592,22.71,14.36,8.35,35.90,31.54,20.90,57.84,5674,5393,43.82,169,1713,389,246
hzc,2.593,20.18,13.21,6.96,35.54,29.15,17.32,65.49,5308,5370,40.43,54,560,113,74
英国売却,2.593,20.94,17.33,3.61,31.05,32.56,16.97,67.24,5698,4542,45.95,27,277,58,48
ゆうきー,2.595,18.22,11.33,6.89,38.00,25.73,15.78,58.54,5604,4412,38.24,42,450,82,51
まちゃ,2.596,19.96,12.55,7.41,30.04,24.68,19.20,49.52,6185,4938,44.09,52,526,105,66
てまち,2.596,17.31,12.46,4.85,28.80,24.16,17.48,55.14,6182,5070,34.62,57,618,107,77
理工フリテン大師,2.600,19.84,12.58,7.26,33.98,30.15,16.47,62.75,6097,5571,38.46,75,771,153,97
renkun,2.600,23.49,16.73,6.76,38.79,29.36,18.86,59.09,5562,5100,36.67,50,281,66,47
L×W×L,2.600,20.00,13.11,6.89,36.07,23.64,20.66,49.18,5508,5168,34.55,30,305,61,40
hayato☆,2.600,16.67,12.26,4.40,29.25,26.88,14.47,58.49,5736,4156,36.00,30,318,53,39
gokuaku,2.600,23.13,12.69,10.45,37.31,34.00,14.93,61.29,5068,6400,40.38,25,268,62,34
国見式ジャパン,2.600,20.30,13.91,6.39,31.58,29.76,16.92,50.00,7046,5024,51.52,25,266,54,37
冰淵,2.600,25.00,13.08,11.92,33.46,34.48,23.85,52.31,4908,5018,31.37,25,260,65,34
あんちょびーた改,2.600,15.91,11.82,4.09,30.45,20.90,16.36,57.14,5226,4296,48.84,20,220,35,26
おたまる,2.600,17.96,14.56,3.40,29.61,27.87,19.42,56.76,6651,4163,34.38,20,206,37,30
菜菜本cai,2.600,19.03,7.96,11.06,30.53,36.23,17.70,67.44,5160,4706,48.65,20,226,43,18
葉山陽和,2.602,19.11,9.19,9.93,37.17,24.15,16.37,54.70,5714,4786,36.57,88,947,181,87
くらら,2.605,20.59,12.61,7.98,34.80,26.64,20.21,54.61,5841,5101,40.10,124,1316,271,166
ラスるかな,2.606,18.14,12.22,5.92,34.12,24.24,18.61,55.96,5834,4765,37.91,99,1064,193,130
真一,2.606,22.15,13.76,8.39,36.24,38.89,17.79,72.73,4847,4849,40.74,33,298,66,41
天空の技,2.608,18.01,10.34,7.66,36.21,26.46,14.56,67.02,5209,4972,37.80,51,522,94,54
ruinever,2.609,21.28,11.49,9.79,34.04,26.25,22.98,48.00,5988,6033,42.22,23,235,50,27
グレンモーレンジ,2.609,24.47,10.97,13.50,32.49,35.06,20.25,60.34,5836,5723,43.75,23,237,58,26
七草香澄,2.611,18.68,12.89,5.79,32.76,26.10,19.21,54.23,6175,4311,40.34,72,760,142,98
mabui,2.611,21.34,12.34,9.00,35.22,28.47,15.68,63.86,5428,4806,50.88,36,389,83,48
Elysium,2.613,22.28,11.96,10.33,36.41,29.85,15.76,70.73,6122,6114,56.00,31,184,41,22
ウォルロット,2.614,17.76,14.80,2.96,38.90,25.00,16.70,55.95,5598,4444,37.65,44,473,84,70
漢壽亭侯,2.614,19.19,13.43,5.76,33.69,25.95,18.55,56.67,6274,4390,41.54,44,469,90,63
amethyst,2.614,17.25,13.64,3.60,28.96,21.78,18.53,53.73,6097,4786,46.09,70,777,134,106
キリンキリン,2.615,19.47,11.88,7.59,30.03,26.37,16.83,61.02,5746,5447,65.12,26,303,59,36
村井アマウリ,2.618,17.46,10.58,6.88,30.69,23.28,14.29,60.61,6391,3588,31.40,34,378,66,40
浮生之桜☆,2.619,20.67,15.87,4.81,33.17,24.64,20.19,55.81,5591,5309,39.29,21,208,43,33
ヨー・マイカ,2.621,20.78,12.27,8.52,41.06,24.48,15.84,64.75,5953,4954,48.81,58,587,122,72
つっぱりポール,2.621,19.16,13.17,5.99,44.31,21.62,15.57,71.88,5034,3682,54.17,29,167,32,22
ほっちゃん,2.621,20.78,12.06,8.73,35.10,26.26,14.51,64.15,5547,5685,43.87,95,1020,212,123
紗代,2.622,20.43,13.19,7.23,33.40,29.94,16.60,65.62,5496,5008,45.59,45,470,96,62
A石橋,2.625,21.45,17.11,4.34,36.39,27.81,21.93,56.18,5815,5062,54.17,40,415,89,71
armed,2.625,16.15,13.03,3.12,35.41,16.00,20.11,40.35,6675,5239,53.73,32,353,57,46
はよおじさん,2.626,19.24,13.35,5.88,40.38,24.41,14.79,61.16,4888,4892,53.41,107,629,121,84
ちゅうどく象さん,2.627,22.81,15.50,7.31,41.81,25.17,18.71,62.82,5608,4581,48.00,59,342,78,53
renji83,2.627,21.21,12.48,8.73,39.39,28.51,20.68,56.30,5581,4966,49.44,51,561,119,70
派遣のジャック,2.628,16.67,11.54,5.13,37.61,23.86,11.11,64.10,6744,4941,16.22,43,234,39,27
たがやす,2.628,17.25,11.75,5.50,32.25,31.01,14.50,68.12,5735,4953,41.94,43,400,69,47
t.o.o.s,2.629,18.75,11.14,7.61,27.45,32.67,21.74,63.77,5177,6749,43.55,35,368,69,41
ミスティコ,2.632,22.78,15.35,7.43,32.37,31.85,18.23,55.79,6099,5375,39.68,38,417,95,64
田中一郎。,2.633,19.82,13.52,6.30,35.94,27.78,17.82,60.47,5695,4451,42.45,60,651,129,88
ssk_free,2.636,22.73,11.11,11.62,31.82,26.98,19.70,55.56,5633,4923,37.14,22,198,45,22
耕すマシン,2.636,20.09,9.83,10.26,29.91,22.86,16.24,44.68,5623,6117,30.56,22,234,47,23
NO.Ⅰ,2.636,18.14,13.92,4.22,31.22,17.57,24.05,37.21,6640,4185,43.64,22,237,43,33
ドジャース,2.636,21.88,16.07,5.80,32.14,33.33,20.54,59.18,5465,4478,55.56,22,224,49,36
でんつう,2.636,19.83,15.19,4.64,29.11,34.78,18.57,59.57,6313,4811,36.59,22,237,47,36
ハンチョウ大槻,2.639,17.52,12.22,5.31,32.96,22.44,15.43,64.22,6321,5520,42.61,61,622,109,76
GhostU0,2.650,19.74,13.51,6.23,41.04,24.05,17.14,56.58,5293,5581,48.00,40,385,76,52
Kanako_,2.650,20.93,12.09,8.84,30.23,30.77,16.28,60.00,5793,5865,37.84,20,215,45,26
harddays,2.650,22.02,14.22,7.80,35.78,23.08,21.10,52.08,6171,5232,33.33,20,218,48,31
小宮畳店,2.650,20.41,12.24,8.16,32.65,26.56,16.33,60.00,5338,4183,55.56,20,196,40,24
やすまつ,2.651,20.00,12.10,7.90,31.81,29.16,21.81,53.99,5632,5037,42.79,129,1380,276,167
mato0603,2.651,20.09,12.95,7.14,33.71,31.79,16.29,66.67,5303,4921,37.18,43,448,90,58
山本惣一朗,2.652,18.81,12.59,6.22,31.82,25.78,20.93,50.38,5858,4847,48.65,66,707,133,89
あかりろん,2.652,17.39,12.17,5.22,35.65,25.61,16.96,65.00,4835,4821,31.43,23,230,40,28
ゼルダの伝説,2.653,20.56,14.58,5.98,44.67,27.20,12.71,73.64,4949,4768,34.25,95,535,110,78
No.0001,2.654,16.16,13.33,2.83,33.74,20.36,18.79,51.25,6180,5547,54.12,52,495,80,66
ヤマダさん,2.654,22.78,13.17,9.61,34.16,32.29,22.06,59.38,5488,6622,55.00,26,281,64,37
モイヒャン,2.655,21.59,11.96,9.63,28.24,38.82,15.61,58.46,5262,5417,34.78,29,301,65,36
ぼの,2.657,20.87,13.82,7.05,27.64,28.43,20.60,54.55,5669,4892,37.04,35,369,77,51
ターバン野口,2.657,20.27,11.34,8.93,42.96,31.20,19.93,69.49,5076,4527,51.11,35,291,59,33
くらげねこ,2.657,20.66,9.18,11.48,32.14,29.37,16.84,59.26,5595,5167,39.13,35,392,81,36
ekarute,2.667,20.17,15.65,4.52,31.91,26.05,21.76,49.70,5993,5155,42.45,84,818,165,128
t4c422,2.667,21.12,15.01,6.11,39.19,29.22,15.52,68.67,4831,5959,39.68,39,393,83,59
フルハウス777,2.667,20.47,12.76,7.72,41.25,25.90,16.32,65.22,6336,4684,38.46,33,337,69,43
ゴリパラ,2.667,18.15,13.39,4.76,33.63,23.01,17.56,54.10,7026,5173,39.66,33,336,61,45
TOR,2.667,20.88,17.58,3.30,26.92,34.69,23.08,50.00,4597,4850,33.33,27,182,38,32
斐浅,2.667,20.23,11.45,8.78,36.26,30.53,18.32,60.38,5891,4640,34.88,24,262,53,30
野々宮藍,2.667,20.28,13.68,6.60,34.43,24.66,17.45,46.51,5921,5445,30.30,24,212,43,29
すいませーん,2.671,19.30,9.21,10.09,35.31,29.19,12.50,65.91,4661,5364,41.18,76,456,88,42
mouw,2.673,20.13,13.31,6.82,36.44,24.66,21.46,54.55,5486,4965,43.75,55,601,121,80
怪しすぎるチー,2.674,21.26,10.24,11.02,44.09,28.57,16.93,66.67,4369,5504,60.00,43,254,54,26
ピンズカーター,2.676,22.09,12.79,9.30,35.17,33.06,20.93,61.84,5546,4936,47.17,34,344,76,44
pentola,2.676,19.40,14.48,4.92,35.52,29.23,18.58,69.01,6973,4455,45.00,34,366,71,53
いーはん,2.677,18.71,16.13,2.58,32.58,23.76,20.32,51.72,5390,4924,54.17,31,310,58,50
うっしー00,2.679,20.59,12.87,7.72,27.21,31.08,19.85,51.79,6011,4863,34.09,28,272,56,35
boyatetu,2.680,17.88,9.85,8.03,22.99,30.16,17.88,55.10,5792,5281,33.96,25,274,49,27
MAK0104,2.680,20.99,16.41,4.58,33.97,24.72,18.70,54.55,6187,5193,28.89,25,262,55,43
北天神の生菜,2.684,20.67,15.68,4.99,34.20,24.31,19.95,50.57,6351,5886,42.47,38,421,87,66
おろぽん2号,2.688,22.03,13.91,8.12,35.94,31.45,20.29,59.21,4964,5817,43.40,32,345,76,48
1ta,2.689,22.93,13.26,9.67,35.26,33.19,21.53,59.18,4924,5182,40.91,61,641,147,85
shokola2,2.690,17.59,13.58,4.01,27.47,24.72,19.44,45.61,6219,5048,34.85,29,324,57,44
ナナハ,2.690,19.12,12.31,6.81,29.67,25.19,15.38,57.47,6136,5250,44.07,42,455,87,56
グリグリ棒,2.692,17.96,14.07,3.89,33.33,25.00,16.11,61.86,6020,4893,45.98,52,540,97,76
象,2.692,19.01,13.28,5.73,31.51,29.75,18.23,64.38,5995,5357,32.14,39,384,73,51
天才麻将智乃,2.692,18.82,12.92,5.90,26.20,26.76,19.56,54.90,5822,3789,29.55,26,271,51,35
ゲス茂勝,2.694,21.36,12.88,8.47,35.93,27.36,17.97,57.14,5270,6142,40.38,49,295,63,38
an_,2.696,16.10,11.02,5.08,40.25,22.11,17.37,57.89,5853,6669,47.50,23,236,38,26
漂う,2.696,25.00,10.77,14.23,35.38,35.87,13.46,66.15,4478,4496,44.74,23,260,65,28
よしだいたる,2.700,20.06,14.51,5.56,25.00,29.63,21.30,47.69,5631,5583,45.16,30,324,65,47
白霊夢,2.700,18.40,13.68,4.72,35.38,17.33,16.98,53.85,5977,4886,41.67,20,212,39,29
あおまめ,2.703,16.50,13.71,2.79,32.74,20.93,20.05,49.23,6097,5100,37.68,37,394,65,54
フルゼンツくん,2.704,21.27,13.06,8.21,35.07,31.91,16.79,68.42,5154,5031,30.77,27,268,57,35
髭鯨,2.706,16.78,11.51,5.27,27.74,27.00,16.50,52.89,5656,4849,40.77,68,721,121,83
かめじろう,2.706,20.61,12.90,7.71,36.56,25.49,18.64,55.65,5659,4679,30.68,51,558,115,72
淳子です,2.707,17.88,12.75,5.12,33.50,27.99,13.00,69.23,5739,5132,46.83,75,800,143,102
うちー,2.707,22.22,15.94,6.28,34.54,31.47,21.50,60.87,5911,5867,49.06,41,414,92,66
ひぐち,2.707,15.75,13.01,2.74,25.57,22.32,16.67,59.42,6119,5144,44.05,41,438,69,57
落日,2.709,20.66,16.07,4.59,27.83,25.26,22.09,47.22,6038,5626,51.00,79,697,144,112
がた,2.709,21.94,15.15,6.80,35.53,32.24,18.83,63.72,5209,4871,55.88,55,515,113,78
未来少年,2.710,18.67,13.00,5.67,35.67,23.36,20.00,51.79,5218,5526,60.38,31,300,56,39
花道桜木,2.714,17.11,12.17,4.93,28.95,23.86,16.12,57.69,5727,5146,38.18,28,304,52,37
九蓮宝燈男,2.714,23.23,20.20,3.03,21.21,28.57,24.24,39.13,6887,6188,47.62,21,198,46,40
りんご226,2.719,21.02,14.77,6.25,32.39,29.82,17.33,66.22,4850,4594,35.85,32,352,74,52
覚醒したとまと,2.719,20.25,14.24,6.01,35.13,22.52,21.84,40.62,5905,5249,50.00,32,316,64,45
Christ12,2.720,19.18,12.33,6.85,34.25,30.00,14.38,66.07,5093,5314,45.10,25,292,56,36
こてる,2.720,22.01,14.29,7.72,36.29,28.72,15.44,66.67,5114,4700,50.00,25,259,57,37
ささり,2.720,19.43,11.74,7.69,29.15,30.56,21.46,62.50,5135,6866,52.50,25,247,48,29
miwaku@,2.722,20.73,15.69,5.04,27.73,26.26,18.21,55.41,5997,6073,46.15,36,357,74,56
人品なし,2.723,18.81,15.55,3.26,36.66,25.13,20.35,56.12,5602,5028,50.56,47,521,98,81
wawa3030,2.731,21.20,16.25,4.95,28.62,32.10,20.14,60.00,5838,5207,58.49,26,283,60,46
Suzaku,2.738,18.02,12.53,5.49,29.45,24.63,18.68,47.56,5852,4932,28.57,42,455,82,57
胃と腸,2.739,21.39,14.45,6.94,34.10,37.29,19.65,64.86,4914,5088,42.31,23,173,37,25
ブービー,2.742,22.12,18.38,3.74,28.66,38.04,23.99,57.75,5572,5417,56.10,31,321,71,59
Nosuke,2.744,16.92,13.28,3.64,31.91,25.50,17.99,59.49,5272,4705,34.83,43,467,79,62
slick319,2.745,18.13,14.50,3.63,40.79,25.93,12.39,66.67,4890,4527,50.00,55,331,60,48
JOJO1985,2.750,17.00,16.43,0.58,30.84,24.30,23.92,50.85,6583,5286,52.73,32,347,59,57
宇宙打牌,2.750,16.06,17.62,-1.55,52.85,16.67,11.92,74.19,6487,5500,41.94,20,193,31,34
vacvase,2.750,20.62,12.89,7.73,32.47,28.57,15.98,57.50,5338,5700,50.00,20,194,40,25
86,2.760,22.00,14.40,7.60,34.80,31.03,18.00,67.27,5435,5850,52.17,25,250,55,36
Amaybe,2.763,19.76,17.11,2.65,31.81,29.55,18.80,54.88,5535,4701,38.46,38,415,82,71
のあマスター02,2.765,21.78,15.47,6.30,44.13,30.52,14.90,71.05,4014,4385,51.85,34,349,76,54
清風北,2.767,18.84,13.04,5.80,35.07,25.62,19.42,56.92,5692,5709,43.08,30,345,65,45
Sierra,2.768,19.44,11.27,8.17,29.90,22.40,15.20,60.50,5771,4839,43.00,56,612,119,69
doghead,2.769,20.57,13.48,7.09,46.45,25.95,12.41,65.52,5519,5300,42.31,26,282,58,38
～和泉妃愛～,2.773,20.15,12.55,7.60,34.98,29.35,17.87,62.26,5506,5388,40.48,22,263,53,33
アラサーだよ!!,2.778,19.97,14.75,5.22,33.38,29.46,15.20,64.93,5436,5165,49.44,63,671,134,99
もぐら,2.781,18.58,14.75,3.83,39.34,18.06,16.39,58.82,5012,3644,62.50,32,183,34,27
wengding,2.783,16.30,9.63,6.67,37.04,25.00,14.07,59.09,5655,5581,27.87,23,270,44,26
ぽんでらいおん,2.788,19.20,13.47,5.73,39.83,24.46,17.77,61.19,5640,5277,40.32,33,349,67,47
siera401,2.792,15.09,16.38,-1.29,31.03,15.28,21.55,37.14,7711,4829,42.11,24,232,35,38
狗完了送,2.792,18.80,19.92,-1.13,31.58,21.43,21.43,50.00,6470,5857,29.73,24,266,50,53
はげしくウツ,2.800,16.86,15.69,1.18,37.65,25.00,12.94,72.09,6453,4178,47.92,25,255,43,40
ねこにゃん,2.800,15.85,13.03,2.82,30.99,26.14,12.68,68.89,6487,4716,40.00,25,284,45,37
なまけ者,2.800,17.03,8.79,8.24,29.12,32.08,15.93,61.29,6790,5888,36.36,20,182,31,16
夢付き,2.800,18.18,16.82,1.36,40.00,27.27,19.55,60.00,4732,4659,38.10,20,220,40,37
プレヴァティ,2.804,20.07,20.40,-0.33,41.47,22.58,18.06,61.67,5875,4567,36.36,46,299,60,61
CelesTe,2.808,20.85,12.37,8.48,39.58,25.89,15.19,57.63,4927,4629,36.54,26,283,59,35
姜,2.810,20.85,16.11,4.74,32.70,30.43,20.38,56.82,5914,5394,53.85,21,211,44,34
アナーきー,2.810,22.07,15.77,6.31,30.63,33.82,19.82,53.06,5055,6160,40.00,21,222,49,35
0.120,2.812,16.50,15.86,0.65,36.89,19.30,21.36,47.06,5525,4690,48.21,32,309,51,49
百野さん,2.816,20.83,14.81,6.02,32.18,29.50,18.06,63.33,5297,5575,46.03,38,432,90,64
Blast7,2.821,17.91,15.20,2.70,30.41,25.56,14.86,54.72,5691,4571,34.09,28,296,53,45
CLAVION,2.826,15.93,15.49,0.44,32.30,20.55,22.12,47.22,5811,3840,51.52,23,226,36,35
ぽろ,2.844,18.05,12.32,5.73,33.81,29.66,14.04,61.90,5359,5419,46.30,32,349,63,43
ゆうゆき,2.846,15.50,11.07,4.43,31.37,31.76,16.61,71.43,4960,5393,41.67,26,271,42,30
びりびり☆ビリー,2.850,19.79,14.44,5.35,31.02,25.86,18.18,62.16,6743,4833,45.45,20,187,37,27
ちくわ君,2.864,15.72,11.35,4.37,37.12,23.53,11.35,66.67,6456,6619,25.58,22,229,36,26
zhouyi,2.864,17.50,13.75,3.75,39.17,25.53,15.42,66.67,4857,4612,48.94,22,240,42,33
雨收黛青色,2.867,17.24,9.72,7.52,34.80,22.52,14.11,58.18,5462,5155,48.53,30,319,55,31
まちむら,2.871,20.27,16.10,4.17,27.87,26.74,25.19,37.50,6309,5651,48.94,62,671,136,108
生徒会【序】,2.875,17.69,13.36,4.33,41.16,20.18,17.69,61.22,5347,5084,50.00,24,277,49,37
運で勝つ,2.880,15.41,12.41,3.01,36.47,16.49,18.80,46.34,6249,4864,46.67,25,266,41,33
トレバーバウアー,2.885,15.83,18.35,-2.52,28.42,26.58,19.06,52.27,6475,5533,56.82,26,278,44,51
イカにも東北,2.889,15.34,12.96,2.38,31.22,22.03,19.31,55.17,5167,4541,45.31,36,378,58,49
星竹肉パセリ,2.897,19.53,15.15,4.38,30.30,31.11,15.82,55.17,5405,4947,45.76,29,297,58,45
ahoge,2.900,21.52,17.04,4.48,30.94,36.23,18.83,68.75,4998,5174,41.67,20,223,48,38
こけ植物,2.900,13.41,11.59,1.83,40.85,20.90,13.41,81.82,3900,3863,73.53,20,164,22,19
けんぼー,2.917,20.23,16.41,3.82,35.11,22.83,20.99,50.94,5179,5433,40.48,24,262,53,43
lg21,2.921,19.35,15.33,4.02,32.41,31.01,19.85,57.14,5064,6056,54.55,38,398,77,61
きびだんごα,2.947,16.58,14.03,2.55,32.91,24.03,17.09,56.92,5155,4987,35.00,38,392,65,55
takuaka,3.000,17.09,14.18,2.91,38.91,26.17,20.73,61.70,5289,4038,48.08,34,275,47,39
新子望,3.000,17.73,13.64,4.09,29.09,26.56,17.73,46.15,6113,5660,41.03,20,220,39,30
doooowy1,3.038,18.18,16.43,1.75,36.71,29.52,20.28,63.46,4885,5462,50.00,26,286,52,47
武,3.125,17.12,13.51,3.60,32.43,26.39,17.57,57.89,4934,5617,43.90,24,222,38,30
